{
  "precision": 0.7338235294117647,
  "recall": 0.6364795918367347,
  "fbeta": 0.6816939890710383
}